split,circuit,method,n,TP,FP,FN,TN,precision,recall,F1,accuracy,balanced_accuracy
test,A5,always_inactive,17,0,0,2,15,NaN,0.0,0.0,0.8823529411764706,0.5
test,A5,always_active,17,2,15,0,0,0.11764705882352941,1.0,0.21052631578947367,0.11764705882352941,0.5
test,A5,persistence,17,0,2,2,13,0.0,0.0,0.0,0.7647058823529411,0.43333333333333335
test,A5,logistic,17,0,0,2,15,NaN,0.0,0.0,0.8823529411764706,0.5
test,A5,weighted_logistic,17,2,6,0,9,0.25,1.0,0.4,0.6470588235294118,0.8
test,A5,expanded_weighted_logistic,17,2,4,0,11,0.3333333333333333,1.0,0.5,0.7647058823529411,0.8666666666666667
test,A9,always_inactive,20,0,0,17,3,NaN,0.0,0.0,0.15,0.5
test,A9,always_active,20,17,3,0,0,0.85,1.0,0.918918918918919,0.85,0.5
test,A9,persistence,20,16,3,1,0,0.8421052631578947,0.9411764705882353,0.8888888888888888,0.8,0.47058823529411764
test,A9,logistic,20,0,0,17,3,NaN,0.0,0.0,0.15,0.5
test,A9,weighted_logistic,20,1,0,16,3,1.0,0.058823529411764705,0.1111111111111111,0.2,0.5294117647058824
test,A9,expanded_weighted_logistic,20,1,0,16,3,1.0,0.058823529411764705,0.1111111111111111,0.2,0.5294117647058824
validation,A5,always_inactive,22,0,0,1,21,NaN,0.0,0.0,0.9545454545454546,0.5
validation,A5,always_active,22,1,21,0,0,0.045454545454545456,1.0,0.08695652173913043,0.045454545454545456,0.5
validation,A5,persistence,22,0,1,1,20,0.0,0.0,0.0,0.9090909090909091,0.47619047619047616
validation,A5,logistic,22,0,0,1,21,NaN,0.0,0.0,0.9545454545454546,0.5
validation,A5,weighted_logistic,22,1,9,0,12,0.1,1.0,0.18181818181818182,0.5909090909090909,0.7857142857142857
validation,A5,expanded_weighted_logistic,22,1,5,0,16,0.16666666666666666,1.0,0.2857142857142857,0.7727272727272727,0.8809523809523809
validation,A9,always_inactive,28,0,0,27,1,NaN,0.0,0.0,0.03571428571428571,0.5
validation,A9,always_active,28,27,1,0,0,0.9642857142857143,1.0,0.9818181818181818,0.9642857142857143,0.5
validation,A9,persistence,28,26,1,1,0,0.9629629629629629,0.9629629629629629,0.9629629629629629,0.9285714285714286,0.48148148148148145
validation,A9,logistic,28,3,0,24,1,1.0,0.1111111111111111,0.2,0.14285714285714285,0.5555555555555556
validation,A9,weighted_logistic,28,25,1,2,0,0.9615384615384616,0.9259259259259259,0.9433962264150944,0.8928571428571429,0.46296296296296297
validation,A9,expanded_weighted_logistic,28,21,1,6,0,0.9545454545454546,0.7777777777777778,0.8571428571428571,0.75,0.3888888888888889
