metric,split,window_end,label,logistic,persistence,weighted_logistic,expanded_weighted_logistic,always_inactive,always_active
A5,test,2021-03-03 00:00:00,0.0,0.0,0.0,0.0,0.0,0.0,1.0
A5,test,2021-03-04 00:00:00,0.0,0.0,0.0,0.0,0.0,0.0,1.0
A5,test,2021-03-07 00:00:00,0.0,0.0,0.0,0.0,0.0,0.0,1.0
A5,test,2021-03-08 00:00:00,0.0,0.0,0.0,0.0,0.0,0.0,1.0
A5,test,2021-03-09 00:00:00,0.0,0.0,0.0,1.0,0.0,0.0,1.0
A5,test,2021-03-12 00:00:00,0.0,0.0,0.0,1.0,1.0,0.0,1.0
A5,test,2021-03-13 01:00:00,0.0,0.0,0.0,0.0,0.0,0.0,1.0
A5,test,2021-03-14 00:00:00,0.0,0.0,0.0,1.0,0.0,0.0,1.0
A5,test,2021-03-16 00:00:00,0.0,0.0,0.0,0.0,0.0,0.0,1.0
A5,test,2021-03-17 00:00:00,0.0,0.0,0.0,0.0,0.0,0.0,1.0
A5,test,2021-03-19 00:00:00,0.0,0.0,0.0,0.0,0.0,0.0,1.0
A5,test,2021-03-20 00:00:00,0.0,0.0,0.0,0.0,0.0,0.0,1.0
A5,test,2021-03-29 14:00:00,0.0,0.0,1.0,1.0,1.0,0.0,1.0
A5,test,2021-03-29 15:00:00,1.0,0.0,0.0,1.0,1.0,0.0,1.0
A5,test,2021-03-31 00:00:00,0.0,0.0,0.0,1.0,1.0,0.0,1.0
A5,test,2021-03-31 15:00:00,1.0,0.0,0.0,1.0,1.0,0.0,1.0
A5,test,2021-03-31 16:00:00,0.0,0.0,1.0,1.0,1.0,0.0,1.0
A5,validation,2021-02-01 00:00:00,0.0,0.0,0.0,0.0,0.0,0.0,1.0
A5,validation,2021-02-02 00:00:00,0.0,0.0,0.0,0.0,0.0,0.0,1.0
A5,validation,2021-02-03 00:00:00,0.0,0.0,0.0,0.0,0.0,0.0,1.0
A5,validation,2021-02-04 00:00:00,0.0,0.0,0.0,0.0,0.0,0.0,1.0
A5,validation,2021-02-05 00:00:00,0.0,0.0,0.0,0.0,0.0,0.0,1.0
A5,validation,2021-02-05 14:00:00,1.0,0.0,0.0,1.0,1.0,0.0,1.0
A5,validation,2021-02-05 15:00:00,0.0,0.0,1.0,1.0,1.0,0.0,1.0
A5,validation,2021-02-06 00:00:00,0.0,0.0,0.0,1.0,1.0,0.0,1.0
A5,validation,2021-02-09 00:00:00,0.0,0.0,0.0,1.0,0.0,0.0,1.0
A5,validation,2021-02-11 00:00:00,0.0,0.0,0.0,0.0,0.0,0.0,1.0
A5,validation,2021-02-13 00:00:00,0.0,0.0,0.0,0.0,0.0,0.0,1.0
A5,validation,2021-02-14 00:00:00,0.0,0.0,0.0,0.0,0.0,0.0,1.0
A5,validation,2021-02-15 00:00:00,0.0,0.0,0.0,0.0,0.0,0.0,1.0
A5,validation,2021-02-16 00:00:00,0.0,0.0,0.0,0.0,0.0,0.0,1.0
A5,validation,2021-02-17 00:00:00,0.0,0.0,0.0,0.0,0.0,0.0,1.0
A5,validation,2021-02-19 00:00:00,0.0,0.0,0.0,1.0,0.0,0.0,1.0
A5,validation,2021-02-21 00:00:00,0.0,0.0,0.0,1.0,1.0,0.0,1.0
A5,validation,2021-02-22 00:00:00,0.0,0.0,0.0,1.0,0.0,0.0,1.0
A5,validation,2021-02-23 01:00:00,0.0,0.0,0.0,0.0,0.0,0.0,1.0
A5,validation,2021-02-24 00:00:00,0.0,0.0,0.0,1.0,0.0,0.0,1.0
A5,validation,2021-02-25 00:00:00,0.0,0.0,0.0,1.0,1.0,0.0,1.0
A5,validation,2021-02-28 00:00:00,0.0,0.0,0.0,1.0,1.0,0.0,1.0
A9,test,2021-03-03 00:00:00,1.0,0.0,1.0,0.0,0.0,0.0,1.0
A9,test,2021-03-04 00:00:00,1.0,0.0,1.0,1.0,1.0,0.0,1.0
A9,test,2021-03-06 00:00:00,1.0,0.0,1.0,0.0,0.0,0.0,1.0
A9,test,2021-03-07 00:00:00,1.0,0.0,1.0,0.0,0.0,0.0,1.0
A9,test,2021-03-08 00:00:00,1.0,0.0,1.0,0.0,0.0,0.0,1.0
A9,test,2021-03-09 00:00:00,1.0,0.0,1.0,0.0,0.0,0.0,1.0
A9,test,2021-03-11 00:00:00,1.0,0.0,1.0,0.0,0.0,0.0,1.0
A9,test,2021-03-12 00:00:00,1.0,0.0,1.0,0.0,0.0,0.0,1.0
A9,test,2021-03-13 01:00:00,1.0,0.0,1.0,0.0,0.0,0.0,1.0
A9,test,2021-03-14 00:00:00,1.0,0.0,1.0,0.0,0.0,0.0,1.0
A9,test,2021-03-16 00:00:00,1.0,0.0,1.0,0.0,0.0,0.0,1.0
A9,test,2021-03-17 00:00:00,1.0,0.0,1.0,0.0,0.0,0.0,1.0
A9,test,2021-03-18 00:00:00,1.0,0.0,1.0,0.0,0.0,0.0,1.0
A9,test,2021-03-19 00:00:00,1.0,0.0,1.0,0.0,0.0,0.0,1.0
A9,test,2021-03-20 00:00:00,1.0,0.0,1.0,0.0,0.0,0.0,1.0
A9,test,2021-03-29 12:00:00,0.0,0.0,1.0,0.0,0.0,0.0,1.0
A9,test,2021-03-29 14:00:00,1.0,0.0,0.0,0.0,0.0,0.0,1.0
A9,test,2021-03-29 15:00:00,0.0,0.0,1.0,0.0,0.0,0.0,1.0
A9,test,2021-03-31 00:00:00,1.0,0.0,1.0,0.0,0.0,0.0,1.0
A9,test,2021-03-31 15:00:00,0.0,0.0,1.0,0.0,0.0,0.0,1.0
A9,validation,2021-02-01 00:00:00,1.0,0.0,1.0,1.0,1.0,0.0,1.0
A9,validation,2021-02-01 09:00:00,1.0,1.0,1.0,1.0,1.0,0.0,1.0
A9,validation,2021-02-02 00:00:00,1.0,0.0,1.0,1.0,1.0,0.0,1.0
A9,validation,2021-02-02 08:00:00,1.0,1.0,1.0,1.0,1.0,0.0,1.0
A9,validation,2021-02-02 09:00:00,1.0,1.0,1.0,1.0,1.0,0.0,1.0
A9,validation,2021-02-02 14:00:00,1.0,0.0,1.0,1.0,1.0,0.0,1.0
A9,validation,2021-02-03 00:00:00,1.0,0.0,1.0,1.0,1.0,0.0,1.0
A9,validation,2021-02-04 00:00:00,1.0,0.0,1.0,1.0,1.0,0.0,1.0
A9,validation,2021-02-05 00:00:00,1.0,0.0,1.0,1.0,1.0,0.0,1.0
A9,validation,2021-02-05 14:00:00,0.0,0.0,1.0,1.0,1.0,0.0,1.0
A9,validation,2021-02-05 15:00:00,1.0,0.0,0.0,1.0,1.0,0.0,1.0
A9,validation,2021-02-06 00:00:00,1.0,0.0,1.0,1.0,0.0,0.0,1.0
A9,validation,2021-02-09 00:00:00,1.0,0.0,1.0,1.0,0.0,0.0,1.0
A9,validation,2021-02-11 00:00:00,1.0,0.0,1.0,1.0,1.0,0.0,1.0
A9,validation,2021-02-13 00:00:00,1.0,0.0,1.0,1.0,1.0,0.0,1.0
A9,validation,2021-02-14 00:00:00,1.0,0.0,1.0,1.0,1.0,0.0,1.0
A9,validation,2021-02-15 00:00:00,1.0,0.0,1.0,1.0,1.0,0.0,1.0
A9,validation,2021-02-16 00:00:00,1.0,0.0,1.0,1.0,1.0,0.0,1.0
A9,validation,2021-02-17 00:00:00,1.0,0.0,1.0,1.0,1.0,0.0,1.0
A9,validation,2021-02-19 00:00:00,1.0,0.0,1.0,1.0,1.0,0.0,1.0
A9,validation,2021-02-20 00:00:00,1.0,0.0,1.0,1.0,1.0,0.0,1.0
A9,validation,2021-02-21 00:00:00,1.0,0.0,1.0,1.0,0.0,0.0,1.0
A9,validation,2021-02-22 00:00:00,1.0,0.0,1.0,1.0,1.0,0.0,1.0
A9,validation,2021-02-23 01:00:00,1.0,0.0,1.0,1.0,1.0,0.0,1.0
A9,validation,2021-02-24 00:00:00,1.0,0.0,1.0,1.0,1.0,0.0,1.0
A9,validation,2021-02-25 00:00:00,1.0,0.0,1.0,1.0,0.0,0.0,1.0
A9,validation,2021-02-27 00:00:00,1.0,0.0,1.0,0.0,0.0,0.0,1.0
A9,validation,2021-02-28 00:00:00,1.0,0.0,1.0,0.0,0.0,0.0,1.0
